{"cameraMode":{"drawMode":0,"name":"Shaded","section":"Shading Mode"},"sceneLighting":true,"audioPlay":false,"sceneViewState":{"m_AlwaysRefresh":false,"showFog":true,"showSkybox":true,"showFlares":true,"showImageEffects":true,"showParticleSystems":true,"showVisualEffectGraphs":true,"m_FxEnabled":false},"in2DMode":false,"pivot":{"x":-12.908241271972657,"y":25.995389938354493,"z":-11.093856811523438},"rotation":{"x":-0.01976631209254265,"y":-0.9243180751800537,"z":0.37767520546913149,"w":-0.04828057065606117},"size":2.0260372161865236,"orthographic":false}