{"cameraMode":{"drawMode":0,"name":"Shaded","section":"Shading Mode"},"sceneLighting":true,"audioPlay":false,"sceneViewState":{"m_AlwaysRefresh":false,"showFog":true,"showSkybox":true,"showFlares":true,"showImageEffects":true,"showParticleSystems":true,"showVisualEffectGraphs":true,"m_FxEnabled":false},"in2DMode":false,"pivot":{"x":-18.682626724243165,"y":47.493534088134769,"z":10.622522354125977},"rotation":{"x":0.04545505717396736,"y":0.9540441632270813,"z":-0.20260998606681825,"w":0.21110092103481294},"size":0.8660253882408142,"orthographic":false}