{"cameraMode":{"drawMode":0,"name":"Shaded","section":"Shading Mode"},"sceneLighting":true,"audioPlay":false,"sceneViewState":{"m_AlwaysRefresh":false,"showFog":true,"showSkybox":true,"showFlares":true,"showImageEffects":true,"showParticleSystems":true,"showVisualEffectGraphs":true,"m_FxEnabled":false},"in2DMode":false,"pivot":{"x":2.7760562896728517,"y":14.587260246276856,"z":-14.725674629211426},"rotation":{"x":-0.019235685467720033,"y":0.9635917544364929,"z":-0.2514389157295227,"w":-0.07002745568752289},"size":0.2173905223608017,"orthographic":false}