{"cameraMode":{"drawMode":0,"name":"Shaded","section":"Shading Mode"},"sceneLighting":true,"audioPlay":false,"sceneViewState":{"m_AlwaysRefresh":false,"showFog":true,"showSkybox":true,"showFlares":true,"showImageEffects":true,"showParticleSystems":true,"showVisualEffectGraphs":true,"m_FxEnabled":false},"in2DMode":false,"pivot":{"x":-14.093761444091797,"y":29.584880828857423,"z":20.577993392944337},"rotation":{"x":0.028850045055150987,"y":0.9678566455841065,"z":-0.21240955591201783,"w":0.13145726919174195},"size":0.10924053937196732,"orthographic":false}