{"cameraMode":{"drawMode":0,"name":"Shaded","section":"Shading Mode"},"sceneLighting":true,"audioPlay":false,"sceneViewState":{"m_AlwaysRefresh":false,"showFog":true,"showSkybox":true,"showFlares":true,"showImageEffects":true,"showParticleSystems":true,"showVisualEffectGraphs":true,"m_FxEnabled":false},"in2DMode":false,"pivot":{"x":0.05142974853515625,"y":-1.1894607543945313,"z":-60.174278259277347},"rotation":{"x":-0.020641842857003213,"y":-0.9628565907478333,"z":0.257997989654541,"w":-0.07202789187431336},"size":47.413578033447269,"orthographic":false}