{"cameraMode":{"drawMode":0,"name":"Shaded","section":"Shading Mode"},"sceneLighting":true,"audioPlay":false,"sceneViewState":{"m_AlwaysRefresh":false,"showFog":true,"showSkybox":true,"showFlares":true,"showImageEffects":true,"showParticleSystems":true,"showVisualEffectGraphs":true,"m_FxEnabled":false},"in2DMode":false,"pivot":{"x":3.5608062744140627,"y":4.251468658447266,"z":-22.136611938476564},"rotation":{"x":-0.027827391400933267,"y":-0.8657562136650086,"z":-0.04758833721280098,"w":0.4962165355682373},"size":15.463666915893555,"orthographic":false}