{"cameraMode":{"drawMode":0,"name":"Shaded","section":"Shading Mode"},"sceneLighting":true,"audioPlay":false,"sceneViewState":{"m_AlwaysRefresh":false,"showFog":true,"showSkybox":true,"showFlares":true,"showImageEffects":true,"showParticleSystems":true,"showVisualEffectGraphs":true,"m_FxEnabled":false},"in2DMode":false,"pivot":{"x":6.942494869232178,"y":6.18064022064209,"z":-33.416709899902347},"rotation":{"x":-0.007122665643692017,"y":0.9922730326652527,"z":-0.10306825488805771,"w":-0.06857598572969437},"size":14.936623573303223,"orthographic":false}